keywords,city,country
rock climbing extreme sports outdoor tea plantation green rolling hills chamonix france,Chamonix,France
waterfall forest nature jungle camp monastery buddhist peace spiritual altitude banff canada,Banff,Canada
monastery buddhist peace spiritual altitude valley views adventure hiking nature kathmandu nepal,Kathmandu,Nepal
waterfall forest nature jungle camp hill station cold weather scenic cusco peru,Cusco,Peru
mountain snow peak himalayas trek rock climbing extreme sports outdoor chamonix france,Chamonix,France
valley views adventure hiking nature mountain snow peak himalayas trek chamonix france,Chamonix,France
valley views adventure hiking nature monastery buddhist peace spiritual altitude interlaken switzerland,Interlaken,Switzerland
waterfall forest nature jungle camp tea plantation green rolling hills kathmandu nepal,Kathmandu,Nepal
mountain snow peak himalayas trek hill station cold weather scenic chamonix france,Chamonix,France
waterfall forest nature jungle camp valley views adventure hiking nature interlaken switzerland,Interlaken,Switzerland
mountain snow peak himalayas trek valley views adventure hiking nature kathmandu nepal,Kathmandu,Nepal
mountain snow peak himalayas trek tea plantation green rolling hills interlaken switzerland,Interlaken,Switzerland
toy train scenic railway history hill station cold weather scenic cusco peru,Cusco,Peru
monastery buddhist peace spiritual altitude rock climbing extreme sports outdoor cusco peru,Cusco,Peru
toy train scenic railway history tea plantation green rolling hills banff canada,Banff,Canada
rock climbing extreme sports outdoor monastery buddhist peace spiritual altitude kathmandu nepal,Kathmandu,Nepal
valley views adventure hiking nature rock climbing extreme sports outdoor kathmandu nepal,Kathmandu,Nepal
hill station cold weather scenic mountain snow peak himalayas trek chamonix france,Chamonix,France
waterfall forest nature jungle camp hill station cold weather scenic interlaken switzerland,Interlaken,Switzerland
hill station cold weather scenic rock climbing extreme sports outdoor cusco peru,Cusco,Peru
mountain snow peak himalayas trek waterfall forest nature jungle camp chamonix france,Chamonix,France
mountain snow peak himalayas trek monastery buddhist peace spiritual altitude kathmandu nepal,Kathmandu,Nepal
monastery buddhist peace spiritual altitude mountain snow peak himalayas trek banff canada,Banff,Canada
tea plantation green rolling hills monastery buddhist peace spiritual altitude interlaken switzerland,Interlaken,Switzerland
mountain snow peak himalayas trek monastery buddhist peace spiritual altitude interlaken switzerland,Interlaken,Switzerland
waterfall forest nature jungle camp hill station cold weather scenic kathmandu nepal,Kathmandu,Nepal
beach relax tropical sand ocean seafood coastal dining beachside shack male maldives,Male,Maldives
swimming snorkeling coral diving ocean coastal backpacker hostel budget island male maldives,Male,Maldives
nightlife party dancing clubs alcohol coastal backpacker hostel budget island miami usa,Miami,USA
swimming snorkeling coral diving ocean water sports surf jet ski boat suva fiji,Suva,Fiji
beach relax tropical sand ocean coastal backpacker hostel budget island santorini greece,Santorini,Greece
coastal backpacker hostel budget island water sports surf jet ski boat male maldives,Male,Maldives
sunset view romantic resort spa seafood coastal dining beachside shack suva fiji,Suva,Fiji
seafood coastal dining beachside shack water sports surf jet ski boat bali indonesia,Bali,Indonesia
seafood coastal dining beachside shack beach relax tropical sand ocean phuket thailand,Phuket,Thailand
seafood coastal dining beachside shack swimming snorkeling coral diving ocean bali indonesia,Bali,Indonesia
coastal backpacker hostel budget island nightlife party dancing clubs alcohol miami usa,Miami,USA
swimming snorkeling coral diving ocean coastal backpacker hostel budget island bali indonesia,Bali,Indonesia
coastal backpacker hostel budget island sunset view romantic resort spa male maldives,Male,Maldives
nightlife party dancing clubs alcohol water sports surf jet ski boat bali indonesia,Bali,Indonesia
swimming snorkeling coral diving ocean seafood coastal dining beachside shack bali indonesia,Bali,Indonesia
coastal backpacker hostel budget island water sports surf jet ski boat suva fiji,Suva,Fiji
sunset view romantic resort spa swimming snorkeling coral diving ocean miami usa,Miami,USA
coastal backpacker hostel budget island water sports surf jet ski boat bali indonesia,Bali,Indonesia
beach relax tropical sand ocean seafood coastal dining beachside shack bali indonesia,Bali,Indonesia
swimming snorkeling coral diving ocean seafood coastal dining beachside shack phuket thailand,Phuket,Thailand
beach relax tropical sand ocean sunset view romantic resort spa santorini greece,Santorini,Greece
beach relax tropical sand ocean seafood coastal dining beachside shack miami usa,Miami,USA
beach relax tropical sand ocean sunset view romantic resort spa phuket thailand,Phuket,Thailand
swimming snorkeling coral diving ocean coastal backpacker hostel budget island suva fiji,Suva,Fiji
nightlife party dancing clubs alcohol sunset view romantic resort spa suva fiji,Suva,Fiji
sunset view romantic resort spa water sports surf jet ski boat male maldives,Male,Maldives
coastal backpacker hostel budget island swimming snorkeling coral diving ocean bali indonesia,Bali,Indonesia
sunset view romantic resort spa beach relax tropical sand ocean phuket thailand,Phuket,Thailand
sunset view romantic resort spa water sports surf jet ski boat suva fiji,Suva,Fiji
seafood coastal dining beachside shack water sports surf jet ski boat santorini greece,Santorini,Greece
fort palace royal history architecture ruins stone carving intricate art rome italy,Rome,Italy
temple ancient worship spiritual heritage ruins stone carving intricate art prague czech republic,Prague,Czech Republic
fort palace royal history architecture temple ancient worship spiritual heritage kyoto japan,Kyoto,Japan
cultural dance folk music traditional pilgrimage holy water river ghat kyoto japan,Kyoto,Japan
pilgrimage holy water river ghat temple ancient worship spiritual heritage istanbul turkey,Istanbul,Turkey
cultural dance folk music traditional museum dynasty empire historic center kyoto japan,Kyoto,Japan
cultural dance folk music traditional temple ancient worship spiritual heritage cairo egypt,Cairo,Egypt
pilgrimage holy water river ghat museum dynasty empire historic center cairo egypt,Cairo,Egypt
museum dynasty empire historic center fort palace royal history architecture cairo egypt,Cairo,Egypt
museum dynasty empire historic center cultural dance folk music traditional cairo egypt,Cairo,Egypt
museum dynasty empire historic center pilgrimage holy water river ghat kyoto japan,Kyoto,Japan
pilgrimage holy water river ghat bazaar market spices traditional trading rome italy,Rome,Italy
fort palace royal history architecture temple ancient worship spiritual heritage cairo egypt,Cairo,Egypt
pilgrimage holy water river ghat ruins stone carving intricate art cairo egypt,Cairo,Egypt
bazaar market spices traditional trading pilgrimage holy water river ghat prague czech republic,Prague,Czech Republic
temple ancient worship spiritual heritage bazaar market spices traditional trading istanbul turkey,Istanbul,Turkey
bazaar market spices traditional trading fort palace royal history architecture prague czech republic,Prague,Czech Republic
bazaar market spices traditional trading pilgrimage holy water river ghat cairo egypt,Cairo,Egypt
bazaar market spices traditional trading temple ancient worship spiritual heritage beijing china,Beijing,China
temple ancient worship spiritual heritage cultural dance folk music traditional cairo egypt,Cairo,Egypt
fort palace royal history architecture pilgrimage holy water river ghat beijing china,Beijing,China
cultural dance folk music traditional bazaar market spices traditional trading prague czech republic,Prague,Czech Republic
bazaar market spices traditional trading fort palace royal history architecture istanbul turkey,Istanbul,Turkey
bazaar market spices traditional trading temple ancient worship spiritual heritage istanbul turkey,Istanbul,Turkey
cultural dance folk music traditional pilgrimage holy water river ghat rome italy,Rome,Italy
museum dynasty empire historic center cultural dance folk music traditional kyoto japan,Kyoto,Japan
ruins stone carving intricate art cultural dance folk music traditional istanbul turkey,Istanbul,Turkey
museum dynasty empire historic center bazaar market spices traditional trading istanbul turkey,Istanbul,Turkey
startup tech it software business modern architecture skyline metropolitan new york usa,New York,USA
modern architecture skyline metropolitan bollywood entertainment industry movies tokyo japan,Tokyo,Japan
shopping mall luxury fashion center startup tech it software business tokyo japan,Tokyo,Japan
startup tech it software business modern architecture skyline metropolitan tokyo japan,Tokyo,Japan
startup tech it software business bollywood entertainment industry movies london uk,London,UK
street food fast food culinary urban nightlife urban clubs city center dubai uae,Dubai,UAE
startup tech it software business nightlife urban clubs city center london uk,London,UK
modern architecture skyline metropolitan nightlife urban clubs city center singapore singapore,Singapore,Singapore
nightlife urban clubs city center bollywood entertainment industry movies singapore singapore,Singapore,Singapore
nightlife urban clubs city center modern architecture skyline metropolitan tokyo japan,Tokyo,Japan
street food fast food culinary urban modern architecture skyline metropolitan paris france,Paris,France
bollywood entertainment industry movies startup tech it software business berlin germany,Berlin,Germany
street food fast food culinary urban modern architecture skyline metropolitan london uk,London,UK
nightlife urban clubs city center modern architecture skyline metropolitan berlin germany,Berlin,Germany
modern architecture skyline metropolitan nightlife urban clubs city center london uk,London,UK
modern architecture skyline metropolitan nightlife urban clubs city center berlin germany,Berlin,Germany
nightlife urban clubs city center shopping mall luxury fashion center berlin germany,Berlin,Germany
startup tech it software business shopping mall luxury fashion center berlin germany,Berlin,Germany
startup tech it software business bollywood entertainment industry movies berlin germany,Berlin,Germany
shopping mall luxury fashion center modern architecture skyline metropolitan berlin germany,Berlin,Germany
bollywood entertainment industry movies nightlife urban clubs city center new york usa,New York,USA
startup tech it software business nightlife urban clubs city center new york usa,New York,USA
nightlife urban clubs city center startup tech it software business berlin germany,Berlin,Germany
bollywood entertainment industry movies startup tech it software business tokyo japan,Tokyo,Japan
nightlife urban clubs city center modern architecture skyline metropolitan london uk,London,UK
shopping mall luxury fashion center nightlife urban clubs city center london uk,London,UK
modern architecture skyline metropolitan street food fast food culinary urban singapore singapore,Singapore,Singapore
waterfall forest nature jungle camp mountain snow peak himalayas trek leh india,Leh,India
mountain snow peak himalayas trek rock climbing extreme sports outdoor shillong india,Shillong,India
rock climbing extreme sports outdoor hill station cold weather scenic ooty india,Ooty,India
valley views adventure hiking nature waterfall forest nature jungle camp mount abu india,Mount Abu,India
monastery buddhist peace spiritual altitude rock climbing extreme sports outdoor ooty india,Ooty,India
valley views adventure hiking nature monastery buddhist peace spiritual altitude shillong india,Shillong,India
rock climbing extreme sports outdoor valley views adventure hiking nature kargil india,Kargil,India
hill station cold weather scenic rock climbing extreme sports outdoor nainital india,Nainital,India
mountain snow peak himalayas trek valley views adventure hiking nature mount abu india,Mount Abu,India
tea plantation green rolling hills hill station cold weather scenic shimla india,Shimla,India
valley views adventure hiking nature waterfall forest nature jungle camp shillong india,Shillong,India
rock climbing extreme sports outdoor mountain snow peak himalayas trek kargil india,Kargil,India
tea plantation green rolling hills waterfall forest nature jungle camp manali india,Manali,India
tea plantation green rolling hills toy train scenic railway history leh india,Leh,India
rock climbing extreme sports outdoor mountain snow peak himalayas trek nainital india,Nainital,India
toy train scenic railway history hill station cold weather scenic gangtok india,Gangtok,India
waterfall forest nature jungle camp mountain snow peak himalayas trek ooty india,Ooty,India
monastery buddhist peace spiritual altitude toy train scenic railway history leh india,Leh,India
toy train scenic railway history hill station cold weather scenic manali india,Manali,India
waterfall forest nature jungle camp toy train scenic railway history munnar india,Munnar,India
tea plantation green rolling hills rock climbing extreme sports outdoor mount abu india,Mount Abu,India
toy train scenic railway history tea plantation green rolling hills mount abu india,Mount Abu,India
valley views adventure hiking nature rock climbing extreme sports outdoor shimla india,Shimla,India
tea plantation green rolling hills toy train scenic railway history kargil india,Kargil,India
waterfall forest nature jungle camp monastery buddhist peace spiritual altitude manali india,Manali,India
toy train scenic railway history mountain snow peak himalayas trek kargil india,Kargil,India
mountain snow peak himalayas trek toy train scenic railway history shillong india,Shillong,India
monastery buddhist peace spiritual altitude mountain snow peak himalayas trek gangtok india,Gangtok,India
tea plantation green rolling hills mountain snow peak himalayas trek kargil india,Kargil,India
rock climbing extreme sports outdoor toy train scenic railway history manali india,Manali,India
hill station cold weather scenic monastery buddhist peace spiritual altitude ooty india,Ooty,India
mountain snow peak himalayas trek rock climbing extreme sports outdoor gangtok india,Gangtok,India
valley views adventure hiking nature toy train scenic railway history kargil india,Kargil,India
tea plantation green rolling hills toy train scenic railway history gangtok india,Gangtok,India
mountain snow peak himalayas trek hill station cold weather scenic kargil india,Kargil,India
rock climbing extreme sports outdoor valley views adventure hiking nature munnar india,Munnar,India
valley views adventure hiking nature waterfall forest nature jungle camp manali india,Manali,India
mountain snow peak himalayas trek valley views adventure hiking nature darjeeling india,Darjeeling,India
mountain snow peak himalayas trek rock climbing extreme sports outdoor ooty india,Ooty,India
hill station cold weather scenic monastery buddhist peace spiritual altitude munnar india,Munnar,India
waterfall forest nature jungle camp monastery buddhist peace spiritual altitude kargil india,Kargil,India
monastery buddhist peace spiritual altitude hill station cold weather scenic gangtok india,Gangtok,India
toy train scenic railway history hill station cold weather scenic darjeeling india,Darjeeling,India
monastery buddhist peace spiritual altitude rock climbing extreme sports outdoor darjeeling india,Darjeeling,India
rock climbing extreme sports outdoor valley views adventure hiking nature ooty india,Ooty,India
tea plantation green rolling hills rock climbing extreme sports outdoor shimla india,Shimla,India
monastery buddhist peace spiritual altitude valley views adventure hiking nature mount abu india,Mount Abu,India
valley views adventure hiking nature hill station cold weather scenic darjeeling india,Darjeeling,India
valley views adventure hiking nature tea plantation green rolling hills kargil india,Kargil,India
toy train scenic railway history hill station cold weather scenic ooty india,Ooty,India
rock climbing extreme sports outdoor waterfall forest nature jungle camp kargil india,Kargil,India
hill station cold weather scenic mountain snow peak himalayas trek shimla india,Shimla,India
toy train scenic railway history monastery buddhist peace spiritual altitude gangtok india,Gangtok,India
tea plantation green rolling hills valley views adventure hiking nature munnar india,Munnar,India
monastery buddhist peace spiritual altitude valley views adventure hiking nature manali india,Manali,India
waterfall forest nature jungle camp tea plantation green rolling hills mount abu india,Mount Abu,India
toy train scenic railway history tea plantation green rolling hills shimla india,Shimla,India
toy train scenic railway history mountain snow peak himalayas trek nainital india,Nainital,India
hill station cold weather scenic monastery buddhist peace spiritual altitude shillong india,Shillong,India
hill station cold weather scenic rock climbing extreme sports outdoor manali india,Manali,India
waterfall forest nature jungle camp monastery buddhist peace spiritual altitude darjeeling india,Darjeeling,India
mountain snow peak himalayas trek waterfall forest nature jungle camp manali india,Manali,India
toy train scenic railway history monastery buddhist peace spiritual altitude kargil india,Kargil,India
rock climbing extreme sports outdoor waterfall forest nature jungle camp mount abu india,Mount Abu,India
monastery buddhist peace spiritual altitude tea plantation green rolling hills manali india,Manali,India
monastery buddhist peace spiritual altitude hill station cold weather scenic shimla india,Shimla,India
toy train scenic railway history valley views adventure hiking nature ooty india,Ooty,India
toy train scenic railway history monastery buddhist peace spiritual altitude shimla india,Shimla,India
waterfall forest nature jungle camp hill station cold weather scenic mount abu india,Mount Abu,India
hill station cold weather scenic mountain snow peak himalayas trek kargil india,Kargil,India
waterfall forest nature jungle camp rock climbing extreme sports outdoor manali india,Manali,India
tea plantation green rolling hills valley views adventure hiking nature leh india,Leh,India
valley views adventure hiking nature rock climbing extreme sports outdoor nainital india,Nainital,India
monastery buddhist peace spiritual altitude toy train scenic railway history manali india,Manali,India
waterfall forest nature jungle camp tea plantation green rolling hills gangtok india,Gangtok,India
valley views adventure hiking nature hill station cold weather scenic gangtok india,Gangtok,India
valley views adventure hiking nature mountain snow peak himalayas trek munnar india,Munnar,India
tea plantation green rolling hills toy train scenic railway history nainital india,Nainital,India
mountain snow peak himalayas trek tea plantation green rolling hills shimla india,Shimla,India
tea plantation green rolling hills rock climbing extreme sports outdoor darjeeling india,Darjeeling,India
hill station cold weather scenic waterfall forest nature jungle camp manali india,Manali,India
rock climbing extreme sports outdoor hill station cold weather scenic shillong india,Shillong,India
hill station cold weather scenic waterfall forest nature jungle camp darjeeling india,Darjeeling,India
waterfall forest nature jungle camp tea plantation green rolling hills kargil india,Kargil,India
tea plantation green rolling hills mountain snow peak himalayas trek munnar india,Munnar,India
mountain snow peak himalayas trek toy train scenic railway history mount abu india,Mount Abu,India
mountain snow peak himalayas trek hill station cold weather scenic leh india,Leh,India
hill station cold weather scenic toy train scenic railway history kargil india,Kargil,India
monastery buddhist peace spiritual altitude mountain snow peak himalayas trek shimla india,Shimla,India
valley views adventure hiking nature toy train scenic railway history gangtok india,Gangtok,India
waterfall forest nature jungle camp rock climbing extreme sports outdoor gangtok india,Gangtok,India
toy train scenic railway history tea plantation green rolling hills gangtok india,Gangtok,India
valley views adventure hiking nature monastery buddhist peace spiritual altitude manali india,Manali,India
valley views adventure hiking nature monastery buddhist peace spiritual altitude nainital india,Nainital,India
tea plantation green rolling hills hill station cold weather scenic ooty india,Ooty,India
tea plantation green rolling hills monastery buddhist peace spiritual altitude gangtok india,Gangtok,India
valley views adventure hiking nature toy train scenic railway history ooty india,Ooty,India
valley views adventure hiking nature tea plantation green rolling hills gangtok india,Gangtok,India
rock climbing extreme sports outdoor valley views adventure hiking nature nainital india,Nainital,India
tea plantation green rolling hills hill station cold weather scenic manali india,Manali,India
tea plantation green rolling hills hill station cold weather scenic kargil india,Kargil,India
toy train scenic railway history tea plantation green rolling hills munnar india,Munnar,India
valley views adventure hiking nature hill station cold weather scenic nainital india,Nainital,India
hill station cold weather scenic monastery buddhist peace spiritual altitude manali india,Manali,India
hill station cold weather scenic mountain snow peak himalayas trek munnar india,Munnar,India
valley views adventure hiking nature hill station cold weather scenic shillong india,Shillong,India
toy train scenic railway history mountain snow peak himalayas trek mount abu india,Mount Abu,India
monastery buddhist peace spiritual altitude hill station cold weather scenic darjeeling india,Darjeeling,India
mountain snow peak himalayas trek hill station cold weather scenic shimla india,Shimla,India
valley views adventure hiking nature mountain snow peak himalayas trek shimla india,Shimla,India
rock climbing extreme sports outdoor mountain snow peak himalayas trek ooty india,Ooty,India
tea plantation green rolling hills mountain snow peak himalayas trek manali india,Manali,India
hill station cold weather scenic tea plantation green rolling hills darjeeling india,Darjeeling,India
tea plantation green rolling hills hill station cold weather scenic leh india,Leh,India
rock climbing extreme sports outdoor hill station cold weather scenic darjeeling india,Darjeeling,India
monastery buddhist peace spiritual altitude tea plantation green rolling hills darjeeling india,Darjeeling,India
tea plantation green rolling hills waterfall forest nature jungle camp nainital india,Nainital,India
waterfall forest nature jungle camp rock climbing extreme sports outdoor nainital india,Nainital,India
valley views adventure hiking nature hill station cold weather scenic leh india,Leh,India
toy train scenic railway history tea plantation green rolling hills shillong india,Shillong,India
rock climbing extreme sports outdoor valley views adventure hiking nature manali india,Manali,India
toy train scenic railway history rock climbing extreme sports outdoor shillong india,Shillong,India
tea plantation green rolling hills waterfall forest nature jungle camp kargil india,Kargil,India
mountain snow peak himalayas trek tea plantation green rolling hills darjeeling india,Darjeeling,India
toy train scenic railway history hill station cold weather scenic shimla india,Shimla,India
hill station cold weather scenic mountain snow peak himalayas trek mount abu india,Mount Abu,India
sunset view romantic resort spa water sports surf jet ski boat visakhapatnam india,Visakhapatnam,India
nightlife party dancing clubs alcohol water sports surf jet ski boat pondicherry india,Pondicherry,India
swimming snorkeling coral diving ocean sunset view romantic resort spa alleppey india,Alleppey,India
nightlife party dancing clubs alcohol water sports surf jet ski boat andaman india,Andaman,India
swimming snorkeling coral diving ocean seafood coastal dining beachside shack andaman india,Andaman,India
swimming snorkeling coral diving ocean sunset view romantic resort spa pondicherry india,Pondicherry,India
beach relax tropical sand ocean coastal backpacker hostel budget island andaman india,Andaman,India
beach relax tropical sand ocean water sports surf jet ski boat goa india,Goa,India
coastal backpacker hostel budget island swimming snorkeling coral diving ocean kanyakumari india,Kanyakumari,India
water sports surf jet ski boat coastal backpacker hostel budget island alleppey india,Alleppey,India
nightlife party dancing clubs alcohol sunset view romantic resort spa kerala india,Kerala,India
beach relax tropical sand ocean nightlife party dancing clubs alcohol goa india,Goa,India
swimming snorkeling coral diving ocean sunset view romantic resort spa kochi india,Kochi,India
swimming snorkeling coral diving ocean coastal backpacker hostel budget island kerala india,Kerala,India
nightlife party dancing clubs alcohol water sports surf jet ski boat goa india,Goa,India
beach relax tropical sand ocean water sports surf jet ski boat kochi india,Kochi,India
swimming snorkeling coral diving ocean nightlife party dancing clubs alcohol visakhapatnam india,Visakhapatnam,India
swimming snorkeling coral diving ocean nightlife party dancing clubs alcohol alleppey india,Alleppey,India
water sports surf jet ski boat nightlife party dancing clubs alcohol pondicherry india,Pondicherry,India
seafood coastal dining beachside shack beach relax tropical sand ocean goa india,Goa,India
coastal backpacker hostel budget island swimming snorkeling coral diving ocean andaman india,Andaman,India
seafood coastal dining beachside shack swimming snorkeling coral diving ocean kanyakumari india,Kanyakumari,India
nightlife party dancing clubs alcohol sunset view romantic resort spa kochi india,Kochi,India
coastal backpacker hostel budget island swimming snorkeling coral diving ocean kochi india,Kochi,India
water sports surf jet ski boat sunset view romantic resort spa pondicherry india,Pondicherry,India
swimming snorkeling coral diving ocean beach relax tropical sand ocean andaman india,Andaman,India
seafood coastal dining beachside shack water sports surf jet ski boat goa india,Goa,India
nightlife party dancing clubs alcohol water sports surf jet ski boat kochi india,Kochi,India
beach relax tropical sand ocean sunset view romantic resort spa alleppey india,Alleppey,India
coastal backpacker hostel budget island swimming snorkeling coral diving ocean visakhapatnam india,Visakhapatnam,India
swimming snorkeling coral diving ocean coastal backpacker hostel budget island andaman india,Andaman,India
beach relax tropical sand ocean swimming snorkeling coral diving ocean alleppey india,Alleppey,India
water sports surf jet ski boat coastal backpacker hostel budget island kanyakumari india,Kanyakumari,India
beach relax tropical sand ocean swimming snorkeling coral diving ocean kerala india,Kerala,India
sunset view romantic resort spa seafood coastal dining beachside shack kanyakumari india,Kanyakumari,India
beach relax tropical sand ocean seafood coastal dining beachside shack kanyakumari india,Kanyakumari,India
water sports surf jet ski boat swimming snorkeling coral diving ocean kochi india,Kochi,India
coastal backpacker hostel budget island sunset view romantic resort spa goa india,Goa,India
water sports surf jet ski boat coastal backpacker hostel budget island kochi india,Kochi,India
sunset view romantic resort spa beach relax tropical sand ocean andaman india,Andaman,India
beach relax tropical sand ocean nightlife party dancing clubs alcohol alleppey india,Alleppey,India
seafood coastal dining beachside shack sunset view romantic resort spa visakhapatnam india,Visakhapatnam,India
nightlife party dancing clubs alcohol beach relax tropical sand ocean goa india,Goa,India
coastal backpacker hostel budget island nightlife party dancing clubs alcohol kochi india,Kochi,India
seafood coastal dining beachside shack beach relax tropical sand ocean kochi india,Kochi,India
seafood coastal dining beachside shack water sports surf jet ski boat kanyakumari india,Kanyakumari,India
coastal backpacker hostel budget island water sports surf jet ski boat pondicherry india,Pondicherry,India
nightlife party dancing clubs alcohol coastal backpacker hostel budget island kerala india,Kerala,India
coastal backpacker hostel budget island nightlife party dancing clubs alcohol pondicherry india,Pondicherry,India
coastal backpacker hostel budget island beach relax tropical sand ocean kochi india,Kochi,India
swimming snorkeling coral diving ocean beach relax tropical sand ocean kanyakumari india,Kanyakumari,India
beach relax tropical sand ocean water sports surf jet ski boat kanyakumari india,Kanyakumari,India
sunset view romantic resort spa nightlife party dancing clubs alcohol kochi india,Kochi,India
nightlife party dancing clubs alcohol swimming snorkeling coral diving ocean andaman india,Andaman,India
water sports surf jet ski boat coastal backpacker hostel budget island kerala india,Kerala,India
swimming snorkeling coral diving ocean beach relax tropical sand ocean kochi india,Kochi,India
swimming snorkeling coral diving ocean water sports surf jet ski boat andaman india,Andaman,India
sunset view romantic resort spa water sports surf jet ski boat pondicherry india,Pondicherry,India
water sports surf jet ski boat beach relax tropical sand ocean kochi india,Kochi,India
seafood coastal dining beachside shack sunset view romantic resort spa goa india,Goa,India
coastal backpacker hostel budget island nightlife party dancing clubs alcohol goa india,Goa,India
beach relax tropical sand ocean coastal backpacker hostel budget island kerala india,Kerala,India
sunset view romantic resort spa seafood coastal dining beachside shack kerala india,Kerala,India
seafood coastal dining beachside shack sunset view romantic resort spa kanyakumari india,Kanyakumari,India
coastal backpacker hostel budget island nightlife party dancing clubs alcohol visakhapatnam india,Visakhapatnam,India
sunset view romantic resort spa beach relax tropical sand ocean kerala india,Kerala,India
nightlife party dancing clubs alcohol water sports surf jet ski boat kanyakumari india,Kanyakumari,India
beach relax tropical sand ocean swimming snorkeling coral diving ocean goa india,Goa,India
coastal backpacker hostel budget island beach relax tropical sand ocean goa india,Goa,India
swimming snorkeling coral diving ocean sunset view romantic resort spa andaman india,Andaman,India
sunset view romantic resort spa beach relax tropical sand ocean pondicherry india,Pondicherry,India
nightlife party dancing clubs alcohol swimming snorkeling coral diving ocean goa india,Goa,India
swimming snorkeling coral diving ocean nightlife party dancing clubs alcohol kerala india,Kerala,India
nightlife party dancing clubs alcohol swimming snorkeling coral diving ocean kanyakumari india,Kanyakumari,India
coastal backpacker hostel budget island swimming snorkeling coral diving ocean pondicherry india,Pondicherry,India
seafood coastal dining beachside shack water sports surf jet ski boat kochi india,Kochi,India
seafood coastal dining beachside shack beach relax tropical sand ocean visakhapatnam india,Visakhapatnam,India
seafood coastal dining beachside shack nightlife party dancing clubs alcohol kochi india,Kochi,India
swimming snorkeling coral diving ocean nightlife party dancing clubs alcohol kanyakumari india,Kanyakumari,India
water sports surf jet ski boat nightlife party dancing clubs alcohol kochi india,Kochi,India
coastal backpacker hostel budget island sunset view romantic resort spa andaman india,Andaman,India
beach relax tropical sand ocean coastal backpacker hostel budget island pondicherry india,Pondicherry,India
water sports surf jet ski boat sunset view romantic resort spa kochi india,Kochi,India
sunset view romantic resort spa water sports surf jet ski boat kanyakumari india,Kanyakumari,India
coastal backpacker hostel budget island seafood coastal dining beachside shack pondicherry india,Pondicherry,India
water sports surf jet ski boat seafood coastal dining beachside shack andaman india,Andaman,India
beach relax tropical sand ocean sunset view romantic resort spa pondicherry india,Pondicherry,India
seafood coastal dining beachside shack sunset view romantic resort spa alleppey india,Alleppey,India
swimming snorkeling coral diving ocean seafood coastal dining beachside shack visakhapatnam india,Visakhapatnam,India
swimming snorkeling coral diving ocean nightlife party dancing clubs alcohol andaman india,Andaman,India
swimming snorkeling coral diving ocean nightlife party dancing clubs alcohol pondicherry india,Pondicherry,India
beach relax tropical sand ocean coastal backpacker hostel budget island kanyakumari india,Kanyakumari,India
beach relax tropical sand ocean swimming snorkeling coral diving ocean andaman india,Andaman,India
nightlife party dancing clubs alcohol water sports surf jet ski boat alleppey india,Alleppey,India
water sports surf jet ski boat coastal backpacker hostel budget island visakhapatnam india,Visakhapatnam,India
beach relax tropical sand ocean seafood coastal dining beachside shack alleppey india,Alleppey,India
sunset view romantic resort spa coastal backpacker hostel budget island kochi india,Kochi,India
sunset view romantic resort spa nightlife party dancing clubs alcohol kerala india,Kerala,India
nightlife party dancing clubs alcohol beach relax tropical sand ocean visakhapatnam india,Visakhapatnam,India
water sports surf jet ski boat swimming snorkeling coral diving ocean visakhapatnam india,Visakhapatnam,India
nightlife party dancing clubs alcohol swimming snorkeling coral diving ocean visakhapatnam india,Visakhapatnam,India
nightlife party dancing clubs alcohol coastal backpacker hostel budget island andaman india,Andaman,India
swimming snorkeling coral diving ocean nightlife party dancing clubs alcohol goa india,Goa,India
swimming snorkeling coral diving ocean water sports surf jet ski boat kanyakumari india,Kanyakumari,India
seafood coastal dining beachside shack sunset view romantic resort spa pondicherry india,Pondicherry,India
nightlife party dancing clubs alcohol coastal backpacker hostel budget island kanyakumari india,Kanyakumari,India
sunset view romantic resort spa coastal backpacker hostel budget island alleppey india,Alleppey,India
water sports surf jet ski boat beach relax tropical sand ocean andaman india,Andaman,India
coastal backpacker hostel budget island sunset view romantic resort spa kochi india,Kochi,India
sunset view romantic resort spa coastal backpacker hostel budget island goa india,Goa,India
bazaar market spices traditional trading museum dynasty empire historic center jaisalmer india,Jaisalmer,India
pilgrimage holy water river ghat bazaar market spices traditional trading khajuraho india,Khajuraho,India
ruins stone carving intricate art cultural dance folk music traditional khajuraho india,Khajuraho,India
fort palace royal history architecture temple ancient worship spiritual heritage haridwar india,Haridwar,India
temple ancient worship spiritual heritage fort palace royal history architecture agra india,Agra,India
temple ancient worship spiritual heritage fort palace royal history architecture pushkar india,Pushkar,India
pilgrimage holy water river ghat ruins stone carving intricate art udaipur india,Udaipur,India
pilgrimage holy water river ghat fort palace royal history architecture khajuraho india,Khajuraho,India
temple ancient worship spiritual heritage ruins stone carving intricate art mysore india,Mysore,India
bazaar market spices traditional trading fort palace royal history architecture khajuraho india,Khajuraho,India
ruins stone carving intricate art pilgrimage holy water river ghat jaipur india,Jaipur,India
bazaar market spices traditional trading ruins stone carving intricate art hampi india,Hampi,India
fort palace royal history architecture museum dynasty empire historic center haridwar india,Haridwar,India
ruins stone carving intricate art cultural dance folk music traditional agra india,Agra,India
cultural dance folk music traditional temple ancient worship spiritual heritage madurai india,Madurai,India
ruins stone carving intricate art cultural dance folk music traditional mysore india,Mysore,India
cultural dance folk music traditional temple ancient worship spiritual heritage rishikesh india,Rishikesh,India
museum dynasty empire historic center temple ancient worship spiritual heritage jaipur india,Jaipur,India
temple ancient worship spiritual heritage ruins stone carving intricate art pushkar india,Pushkar,India
ruins stone carving intricate art cultural dance folk music traditional jodhpur india,Jodhpur,India
cultural dance folk music traditional pilgrimage holy water river ghat rishikesh india,Rishikesh,India
bazaar market spices traditional trading ruins stone carving intricate art rishikesh india,Rishikesh,India
bazaar market spices traditional trading museum dynasty empire historic center hampi india,Hampi,India
cultural dance folk music traditional temple ancient worship spiritual heritage varanasi india,Varanasi,India
museum dynasty empire historic center bazaar market spices traditional trading agra india,Agra,India
museum dynasty empire historic center temple ancient worship spiritual heritage madurai india,Madurai,India
bazaar market spices traditional trading fort palace royal history architecture varanasi india,Varanasi,India
bazaar market spices traditional trading temple ancient worship spiritual heritage madurai india,Madurai,India
bazaar market spices traditional trading fort palace royal history architecture pushkar india,Pushkar,India
pilgrimage holy water river ghat temple ancient worship spiritual heritage udaipur india,Udaipur,India
temple ancient worship spiritual heritage bazaar market spices traditional trading hampi india,Hampi,India
museum dynasty empire historic center pilgrimage holy water river ghat madurai india,Madurai,India
bazaar market spices traditional trading cultural dance folk music traditional rishikesh india,Rishikesh,India
bazaar market spices traditional trading temple ancient worship spiritual heritage pushkar india,Pushkar,India
bazaar market spices traditional trading temple ancient worship spiritual heritage varanasi india,Varanasi,India
ruins stone carving intricate art fort palace royal history architecture hampi india,Hampi,India
temple ancient worship spiritual heritage cultural dance folk music traditional rishikesh india,Rishikesh,India
pilgrimage holy water river ghat ruins stone carving intricate art pushkar india,Pushkar,India
cultural dance folk music traditional bazaar market spices traditional trading udaipur india,Udaipur,India
museum dynasty empire historic center fort palace royal history architecture mysore india,Mysore,India
fort palace royal history architecture ruins stone carving intricate art dharamshala india,Dharamshala,India
bazaar market spices traditional trading fort palace royal history architecture jaisalmer india,Jaisalmer,India
cultural dance folk music traditional ruins stone carving intricate art haridwar india,Haridwar,India
temple ancient worship spiritual heritage pilgrimage holy water river ghat rishikesh india,Rishikesh,India
museum dynasty empire historic center fort palace royal history architecture pushkar india,Pushkar,India
cultural dance folk music traditional museum dynasty empire historic center udaipur india,Udaipur,India
temple ancient worship spiritual heritage museum dynasty empire historic center jodhpur india,Jodhpur,India
fort palace royal history architecture museum dynasty empire historic center varanasi india,Varanasi,India
bazaar market spices traditional trading temple ancient worship spiritual heritage mysore india,Mysore,India
temple ancient worship spiritual heritage museum dynasty empire historic center rishikesh india,Rishikesh,India
pilgrimage holy water river ghat fort palace royal history architecture hampi india,Hampi,India
fort palace royal history architecture museum dynasty empire historic center jaipur india,Jaipur,India
pilgrimage holy water river ghat museum dynasty empire historic center khajuraho india,Khajuraho,India
ruins stone carving intricate art cultural dance folk music traditional varanasi india,Varanasi,India
pilgrimage holy water river ghat fort palace royal history architecture rishikesh india,Rishikesh,India
bazaar market spices traditional trading cultural dance folk music traditional udaipur india,Udaipur,India
fort palace royal history architecture pilgrimage holy water river ghat dharamshala india,Dharamshala,India
temple ancient worship spiritual heritage ruins stone carving intricate art madurai india,Madurai,India
temple ancient worship spiritual heritage bazaar market spices traditional trading khajuraho india,Khajuraho,India
ruins stone carving intricate art temple ancient worship spiritual heritage madurai india,Madurai,India
ruins stone carving intricate art museum dynasty empire historic center jaisalmer india,Jaisalmer,India
pilgrimage holy water river ghat fort palace royal history architecture udaipur india,Udaipur,India
temple ancient worship spiritual heritage fort palace royal history architecture khajuraho india,Khajuraho,India
pilgrimage holy water river ghat temple ancient worship spiritual heritage varanasi india,Varanasi,India
museum dynasty empire historic center fort palace royal history architecture dharamshala india,Dharamshala,India
ruins stone carving intricate art pilgrimage holy water river ghat haridwar india,Haridwar,India
pilgrimage holy water river ghat cultural dance folk music traditional khajuraho india,Khajuraho,India
pilgrimage holy water river ghat museum dynasty empire historic center jodhpur india,Jodhpur,India
ruins stone carving intricate art cultural dance folk music traditional hampi india,Hampi,India
temple ancient worship spiritual heritage fort palace royal history architecture jaisalmer india,Jaisalmer,India
ruins stone carving intricate art temple ancient worship spiritual heritage jaipur india,Jaipur,India
pilgrimage holy water river ghat bazaar market spices traditional trading pushkar india,Pushkar,India
pilgrimage holy water river ghat cultural dance folk music traditional jodhpur india,Jodhpur,India
museum dynasty empire historic center ruins stone carving intricate art madurai india,Madurai,India
temple ancient worship spiritual heritage pilgrimage holy water river ghat pushkar india,Pushkar,India
ruins stone carving intricate art bazaar market spices traditional trading jaipur india,Jaipur,India
temple ancient worship spiritual heritage pilgrimage holy water river ghat jodhpur india,Jodhpur,India
museum dynasty empire historic center pilgrimage holy water river ghat hampi india,Hampi,India
bazaar market spices traditional trading pilgrimage holy water river ghat varanasi india,Varanasi,India
fort palace royal history architecture pilgrimage holy water river ghat agra india,Agra,India
cultural dance folk music traditional museum dynasty empire historic center jodhpur india,Jodhpur,India
pilgrimage holy water river ghat cultural dance folk music traditional rishikesh india,Rishikesh,India
bazaar market spices traditional trading ruins stone carving intricate art pushkar india,Pushkar,India
temple ancient worship spiritual heritage ruins stone carving intricate art jodhpur india,Jodhpur,India
fort palace royal history architecture bazaar market spices traditional trading jaipur india,Jaipur,India
bazaar market spices traditional trading cultural dance folk music traditional varanasi india,Varanasi,India
ruins stone carving intricate art bazaar market spices traditional trading madurai india,Madurai,India
fort palace royal history architecture ruins stone carving intricate art jaipur india,Jaipur,India
museum dynasty empire historic center cultural dance folk music traditional varanasi india,Varanasi,India
cultural dance folk music traditional pilgrimage holy water river ghat hampi india,Hampi,India
cultural dance folk music traditional museum dynasty empire historic center varanasi india,Varanasi,India
bazaar market spices traditional trading pilgrimage holy water river ghat jodhpur india,Jodhpur,India
temple ancient worship spiritual heritage cultural dance folk music traditional hampi india,Hampi,India
cultural dance folk music traditional pilgrimage holy water river ghat udaipur india,Udaipur,India
pilgrimage holy water river ghat cultural dance folk music traditional madurai india,Madurai,India
bazaar market spices traditional trading fort palace royal history architecture jodhpur india,Jodhpur,India
museum dynasty empire historic center bazaar market spices traditional trading rishikesh india,Rishikesh,India
bazaar market spices traditional trading pilgrimage holy water river ghat haridwar india,Haridwar,India
ruins stone carving intricate art fort palace royal history architecture udaipur india,Udaipur,India
ruins stone carving intricate art cultural dance folk music traditional pushkar india,Pushkar,India
cultural dance folk music traditional pilgrimage holy water river ghat pushkar india,Pushkar,India
ruins stone carving intricate art pilgrimage holy water river ghat jodhpur india,Jodhpur,India
temple ancient worship spiritual heritage fort palace royal history architecture jodhpur india,Jodhpur,India
temple ancient worship spiritual heritage cultural dance folk music traditional pushkar india,Pushkar,India
ruins stone carving intricate art bazaar market spices traditional trading varanasi india,Varanasi,India
fort palace royal history architecture ruins stone carving intricate art hampi india,Hampi,India
pilgrimage holy water river ghat ruins stone carving intricate art jodhpur india,Jodhpur,India
pilgrimage holy water river ghat fort palace royal history architecture pushkar india,Pushkar,India
ruins stone carving intricate art museum dynasty empire historic center varanasi india,Varanasi,India
cultural dance folk music traditional museum dynasty empire historic center khajuraho india,Khajuraho,India
temple ancient worship spiritual heritage museum dynasty empire historic center mysore india,Mysore,India
cultural dance folk music traditional bazaar market spices traditional trading dharamshala india,Dharamshala,India
fort palace royal history architecture bazaar market spices traditional trading hampi india,Hampi,India
temple ancient worship spiritual heritage bazaar market spices traditional trading jaisalmer india,Jaisalmer,India
fort palace royal history architecture temple ancient worship spiritual heritage agra india,Agra,India
bazaar market spices traditional trading temple ancient worship spiritual heritage haridwar india,Haridwar,India
ruins stone carving intricate art museum dynasty empire historic center haridwar india,Haridwar,India
pilgrimage holy water river ghat cultural dance folk music traditional udaipur india,Udaipur,India
ruins stone carving intricate art temple ancient worship spiritual heritage khajuraho india,Khajuraho,India
ruins stone carving intricate art fort palace royal history architecture jaipur india,Jaipur,India
pilgrimage holy water river ghat temple ancient worship spiritual heritage hampi india,Hampi,India
cultural dance folk music traditional temple ancient worship spiritual heritage jaipur india,Jaipur,India
bazaar market spices traditional trading cultural dance folk music traditional jaisalmer india,Jaisalmer,India
temple ancient worship spiritual heritage cultural dance folk music traditional jaisalmer india,Jaisalmer,India
cultural dance folk music traditional temple ancient worship spiritual heritage khajuraho india,Khajuraho,India
pilgrimage holy water river ghat ruins stone carving intricate art varanasi india,Varanasi,India
museum dynasty empire historic center temple ancient worship spiritual heritage khajuraho india,Khajuraho,India
museum dynasty empire historic center cultural dance folk music traditional udaipur india,Udaipur,India
bollywood entertainment industry movies modern architecture skyline metropolitan chandigarh india,Chandigarh,India
nightlife urban clubs city center shopping mall luxury fashion center delhi india,Delhi,India
modern architecture skyline metropolitan bollywood entertainment industry movies surat india,Surat,India
bollywood entertainment industry movies nightlife urban clubs city center hyderabad india,Hyderabad,India
street food fast food culinary urban shopping mall luxury fashion center mumbai india,Mumbai,India
modern architecture skyline metropolitan startup tech it software business kolkata india,Kolkata,India
nightlife urban clubs city center bollywood entertainment industry movies ahmedabad india,Ahmedabad,India
modern architecture skyline metropolitan street food fast food culinary urban bangalore india,Bangalore,India
shopping mall luxury fashion center modern architecture skyline metropolitan pune india,Pune,India
startup tech it software business nightlife urban clubs city center chandigarh india,Chandigarh,India
bollywood entertainment industry movies shopping mall luxury fashion center hyderabad india,Hyderabad,India
startup tech it software business bollywood entertainment industry movies delhi india,Delhi,India
street food fast food culinary urban shopping mall luxury fashion center kolkata india,Kolkata,India
modern architecture skyline metropolitan nightlife urban clubs city center kolkata india,Kolkata,India
modern architecture skyline metropolitan bollywood entertainment industry movies pune india,Pune,India
bollywood entertainment industry movies startup tech it software business bangalore india,Bangalore,India
street food fast food culinary urban shopping mall luxury fashion center surat india,Surat,India
shopping mall luxury fashion center bollywood entertainment industry movies pune india,Pune,India
startup tech it software business modern architecture skyline metropolitan kolkata india,Kolkata,India
shopping mall luxury fashion center modern architecture skyline metropolitan hyderabad india,Hyderabad,India
startup tech it software business shopping mall luxury fashion center chandigarh india,Chandigarh,India
modern architecture skyline metropolitan shopping mall luxury fashion center ahmedabad india,Ahmedabad,India
bollywood entertainment industry movies shopping mall luxury fashion center kolkata india,Kolkata,India
modern architecture skyline metropolitan street food fast food culinary urban delhi india,Delhi,India
modern architecture skyline metropolitan bollywood entertainment industry movies delhi india,Delhi,India
shopping mall luxury fashion center bollywood entertainment industry movies chandigarh india,Chandigarh,India
shopping mall luxury fashion center modern architecture skyline metropolitan delhi india,Delhi,India
modern architecture skyline metropolitan bollywood entertainment industry movies hyderabad india,Hyderabad,India
bollywood entertainment industry movies startup tech it software business surat india,Surat,India
startup tech it software business nightlife urban clubs city center kolkata india,Kolkata,India
bollywood entertainment industry movies shopping mall luxury fashion center mumbai india,Mumbai,India
modern architecture skyline metropolitan startup tech it software business ahmedabad india,Ahmedabad,India
nightlife urban clubs city center shopping mall luxury fashion center chennai india,Chennai,India
shopping mall luxury fashion center startup tech it software business mumbai india,Mumbai,India
street food fast food culinary urban modern architecture skyline metropolitan bangalore india,Bangalore,India
bollywood entertainment industry movies street food fast food culinary urban pune india,Pune,India
shopping mall luxury fashion center startup tech it software business ahmedabad india,Ahmedabad,India
nightlife urban clubs city center modern architecture skyline metropolitan pune india,Pune,India
startup tech it software business shopping mall luxury fashion center chennai india,Chennai,India
modern architecture skyline metropolitan shopping mall luxury fashion center bangalore india,Bangalore,India
modern architecture skyline metropolitan shopping mall luxury fashion center mumbai india,Mumbai,India
street food fast food culinary urban startup tech it software business hyderabad india,Hyderabad,India
street food fast food culinary urban bollywood entertainment industry movies delhi india,Delhi,India
nightlife urban clubs city center street food fast food culinary urban hyderabad india,Hyderabad,India
bollywood entertainment industry movies modern architecture skyline metropolitan surat india,Surat,India
shopping mall luxury fashion center street food fast food culinary urban chennai india,Chennai,India
nightlife urban clubs city center startup tech it software business hyderabad india,Hyderabad,India
street food fast food culinary urban nightlife urban clubs city center hyderabad india,Hyderabad,India
street food fast food culinary urban nightlife urban clubs city center ahmedabad india,Ahmedabad,India
shopping mall luxury fashion center startup tech it software business pune india,Pune,India
nightlife urban clubs city center bollywood entertainment industry movies bangalore india,Bangalore,India
bollywood entertainment industry movies modern architecture skyline metropolitan ahmedabad india,Ahmedabad,India
nightlife urban clubs city center startup tech it software business chandigarh india,Chandigarh,India
street food fast food culinary urban bollywood entertainment industry movies chennai india,Chennai,India
startup tech it software business street food fast food culinary urban pune india,Pune,India
shopping mall luxury fashion center modern architecture skyline metropolitan chennai india,Chennai,India
startup tech it software business street food fast food culinary urban chandigarh india,Chandigarh,India
startup tech it software business shopping mall luxury fashion center bangalore india,Bangalore,India
nightlife urban clubs city center startup tech it software business bangalore india,Bangalore,India
bollywood entertainment industry movies modern architecture skyline metropolitan delhi india,Delhi,India
shopping mall luxury fashion center bollywood entertainment industry movies hyderabad india,Hyderabad,India
bollywood entertainment industry movies shopping mall luxury fashion center pune india,Pune,India
modern architecture skyline metropolitan street food fast food culinary urban mumbai india,Mumbai,India
modern architecture skyline metropolitan bollywood entertainment industry movies chennai india,Chennai,India
shopping mall luxury fashion center bollywood entertainment industry movies chennai india,Chennai,India
street food fast food culinary urban shopping mall luxury fashion center delhi india,Delhi,India
startup tech it software business bollywood entertainment industry movies bangalore india,Bangalore,India
nightlife urban clubs city center modern architecture skyline metropolitan chandigarh india,Chandigarh,India
bollywood entertainment industry movies street food fast food culinary urban delhi india,Delhi,India
bollywood entertainment industry movies shopping mall luxury fashion center bangalore india,Bangalore,India
startup tech it software business modern architecture skyline metropolitan chennai india,Chennai,India
nightlife urban clubs city center bollywood entertainment industry movies chandigarh india,Chandigarh,India
shopping mall luxury fashion center startup tech it software business delhi india,Delhi,India
street food fast food culinary urban startup tech it software business pune india,Pune,India
modern architecture skyline metropolitan bollywood entertainment industry movies mumbai india,Mumbai,India
street food fast food culinary urban shopping mall luxury fashion center hyderabad india,Hyderabad,India
street food fast food culinary urban shopping mall luxury fashion center chennai india,Chennai,India
street food fast food culinary urban bollywood entertainment industry movies kolkata india,Kolkata,India
nightlife urban clubs city center startup tech it software business kolkata india,Kolkata,India
bollywood entertainment industry movies startup tech it software business hyderabad india,Hyderabad,India
street food fast food culinary urban nightlife urban clubs city center surat india,Surat,India
nightlife urban clubs city center bollywood entertainment industry movies chennai india,Chennai,India
bollywood entertainment industry movies nightlife urban clubs city center chennai india,Chennai,India
street food fast food culinary urban startup tech it software business bangalore india,Bangalore,India
startup tech it software business bollywood entertainment industry movies kolkata india,Kolkata,India
street food fast food culinary urban nightlife urban clubs city center pune india,Pune,India
modern architecture skyline metropolitan nightlife urban clubs city center delhi india,Delhi,India
startup tech it software business modern architecture skyline metropolitan surat india,Surat,India
startup tech it software business bollywood entertainment industry movies chandigarh india,Chandigarh,India
nightlife urban clubs city center startup tech it software business chennai india,Chennai,India
bollywood entertainment industry movies startup tech it software business mumbai india,Mumbai,India
shopping mall luxury fashion center street food fast food culinary urban surat india,Surat,India
shopping mall luxury fashion center startup tech it software business chandigarh india,Chandigarh,India
startup tech it software business bollywood entertainment industry movies hyderabad india,Hyderabad,India
nightlife urban clubs city center modern architecture skyline metropolitan kolkata india,Kolkata,India
modern architecture skyline metropolitan shopping mall luxury fashion center surat india,Surat,India
shopping mall luxury fashion center street food fast food culinary urban hyderabad india,Hyderabad,India
nightlife urban clubs city center street food fast food culinary urban pune india,Pune,India
street food fast food culinary urban bollywood entertainment industry movies bangalore india,Bangalore,India
street food fast food culinary urban bollywood entertainment industry movies chandigarh india,Chandigarh,India
street food fast food culinary urban shopping mall luxury fashion center pune india,Pune,India
bollywood entertainment industry movies nightlife urban clubs city center chandigarh india,Chandigarh,India
modern architecture skyline metropolitan nightlife urban clubs city center pune india,Pune,India
nightlife urban clubs city center shopping mall luxury fashion center pune india,Pune,India
shopping mall luxury fashion center startup tech it software business kolkata india,Kolkata,India
modern architecture skyline metropolitan street food fast food culinary urban ahmedabad india,Ahmedabad,India
shopping mall luxury fashion center nightlife urban clubs city center delhi india,Delhi,India
nightlife urban clubs city center shopping mall luxury fashion center kolkata india,Kolkata,India
nightlife urban clubs city center shopping mall luxury fashion center surat india,Surat,India
shopping mall luxury fashion center startup tech it software business surat india,Surat,India
street food fast food culinary urban shopping mall luxury fashion center bangalore india,Bangalore,India
bollywood entertainment industry movies nightlife urban clubs city center pune india,Pune,India
street food fast food culinary urban modern architecture skyline metropolitan hyderabad india,Hyderabad,India
modern architecture skyline metropolitan nightlife urban clubs city center ahmedabad india,Ahmedabad,India
startup tech it software business bollywood entertainment industry movies chennai india,Chennai,India
